date,units_forecast,units_lower,units_upper,revenue_forecast,revenue_lower,revenue_upper
2017-01-01,1915.8986531404732,1583.8113722386809,2246.178532330177,39568.61506280233,32680.31754731907,47039.24995401151
2017-01-02,1084.799864989348,779.4854983735084,1394.613149711707,23809.359443551464,16599.184682586492,31318.989786718605
2017-01-03,902.1107730874519,559.8112067813435,1214.4496945031458,19821.858049096492,12605.41749416154,27051.94930406373
2017-01-04,951.7033944102974,615.0067770130715,1260.6486780419498,21101.711894099593,14095.297833412156,28325.12104045238
2017-01-05,1005.1300448989123,653.9669806095203,1326.6268385622127,21797.90515234465,14767.606020070076,28615.496872711192
2017-01-06,1300.772961127012,969.4236899294002,1601.060318365294,27779.642341664516,21110.639816394083,34885.06683301838
2017-01-07,1718.1908883541535,1403.3345869676798,2053.9720396563403,35372.32026362307,28365.6174960911,42457.06494035022
2017-01-08,1754.4738998474677,1455.547389287628,2077.836494438073,35957.960355588366,28738.300367752494,43199.68878463152
2017-01-09,928.5198127759473,587.0324812597445,1266.4809217284987,20300.47369589128,13383.177821628751,27652.93986523937
2017-01-10,753.4173167374823,399.595007184956,1064.911008079262,16468.3549480487,8946.312572721077,24079.866389279745
2017-01-11,812.8609803033377,482.8343669202987,1161.2074558342329,17953.618459689325,10458.91717806894,25107.02844262949
2017-01-12,878.1872498866659,555.9177385539949,1200.7432486960329,18900.809148033346,11489.533408928379,25766.35450032526
2017-01-13,1187.5285902608296,857.0330642673549,1517.7561127079032,25173.936967602625,18398.564277904195,32355.947435424838
2017-01-14,1620.1651883321442,1282.143253890533,1931.9713132424476,33092.55958434286,26397.54813946194,40417.90127463866
2017-01-15,1672.885377310681,1348.3165885395044,2027.049317093006,34032.33643099182,26737.734605726884,40853.21154124533
2017-01-16,864.2680306908853,539.193131935066,1191.1528153606193,18750.423717660935,11712.51091531457,26054.62445554197
2017-01-17,707.0719205779284,348.9497699495892,1024.5949227881756,15308.303895302894,8364.877696005846,22504.43170208604
2017-01-18,784.6570811376298,438.30013449147964,1116.983946144926,17190.85994036197,10550.237439582403,24139.293135932567
2017-01-19,868.0271662026034,541.0590173220229,1163.155377979364,18535.52424617159,11633.463638622745,25863.893092091002
2017-01-20,1194.9898270562267,885.9027013271806,1509.7024837987299,25199.34813447472,18223.08714927048,32466.390541300603
2017-01-21,1644.5144129788441,1308.2563241538655,1975.7318911901573,33495.21394895906,26235.57456970323,41077.01688103432
2017-01-22,1713.0980393340233,1382.4079099494595,2047.1274876782904,34792.51041755878,27463.637210698933,41983.78971352193
2017-01-23,919.053168491561,590.9196720061556,1271.902592405768,19842.638590272734,13380.942374742564,27498.986899344927
2017-01-24,774.9016056602813,437.4162971182471,1104.078286362527,16701.93985169022,9055.15919361335,23879.554690104615
2017-01-25,863.7998686328119,531.4996185466046,1179.6571888017188,18850.85467168015,11511.60529067811,25892.51108478809
2017-01-26,956.5848534446129,616.4638726395347,1308.9528527920652,20423.1405087477,12726.475702724763,27434.76256750594
2017-01-27,1290.9367689863086,967.5546720256706,1638.8911777027704,27272.99385243176,20276.754278428165,34404.36496771584
2017-01-28,1745.7386057125386,1418.9963595815543,2079.7051296305394,35711.297701610434,28976.182549367357,43080.520971891296
2017-01-29,1817.443161444009,1504.2665829069997,2175.1016026672846,37106.31486273701,30037.749730558353,44100.48288061015
2017-01-30,1024.3607641992066,677.9947886661977,1348.7931436485464,22209.194434645422,14983.726466470187,29282.055652793573
2017-01-31,879.0526034199074,559.3240657775692,1177.0633146518135,19076.88338340756,11519.519633866956,25857.01587585673
2017-02-01,964.7546545640976,636.243703778169,1297.890473949063,21191.252610047486,13996.21368485857,28184.97493971552
2017-02-02,1052.4211584927318,744.8870818680608,1365.9928117014736,22688.266967245017,14821.84527209723,29629.189355544906
2017-02-03,1379.8846819996804,1043.0089359654212,1694.0848319319675,29425.045529410127,22183.143469810962,37135.56324490262
2017-02-04,1826.2120900675668,1500.3837754551982,2155.1848699283555,37716.03497080853,30396.644448875326,45111.09786386588
2017-02-05,1888.0675290829686,1569.4098732923762,2220.0937214073724,38933.61819580824,31733.002396224125,45940.46324988275
2017-02-06,1083.9956462250095,744.227118937821,1421.9367425256416,23833.527506460992,16448.843059466486,30928.05947671466
2017-02-07,926.8100490563625,606.7816611150546,1246.6137173398781,20477.656246673203,13118.219350867988,27400.127607945535
2017-02-08,1000.0120884262991,666.9315251221951,1315.3533511779688,22353.080433839557,15118.292346878183,29822.981410429304
2017-02-09,1074.8290277231572,757.2952433514879,1410.2364352608977,23601.121969188993,16736.23614137014,30701.286381788992
2017-02-10,1389.3687280568736,1063.9671012926437,1734.2432582218853,30084.301852410095,22664.408021649193,37316.43421475337
2017-02-11,1822.9702827797096,1508.989233778157,2158.2784119720413,38122.40832011387,31403.054482262785,45054.813594971136
2017-02-12,1872.5618013134444,1538.555123840761,2183.5401180462895,39093.00401504658,32058.596565479016,46323.490964852295
2017-02-13,1056.9386627604329,739.5355177652361,1404.5429113850723,23756.7433479897,16525.132299871708,31057.80323417267
2017-02-14,889.1473361845348,564.3838797988674,1235.727593949061,20180.09560075708,13025.258412050165,27674.990522854518
2017-02-15,952.8999314856283,598.2945702636655,1268.8759884542555,21854.286844947732,14908.474685781155,28964.039963849304
2017-02-16,1019.608619359073,704.1129749800058,1323.5060386442428,22924.293515913418,15905.45237790067,29878.184714569463
2017-02-17,1327.537113898628,1007.6158086989946,1676.7796249895857,29255.737131474307,21991.55374164833,36388.87564279891
2017-02-18,1756.148704342769,1411.205786447568,2053.577753469064,37170.905892742725,29680.146808561374,43605.51866595184
2017-02-19,1802.462076893932,1483.3513576487055,2133.3478451482933,38049.227853345554,31494.676631894814,45032.260987693866
2017-02-20,985.3282769230477,649.2969306394176,1298.8579794692148,22652.56710728575,15832.361042459992,29508.34885118839
2017-02-21,817.8139219425552,493.203502915682,1135.2201199911226,19047.938692588206,11692.524550056865,26383.639019440892
2017-02-22,883.6158344067867,559.090222874329,1241.3239920541912,20726.45505270848,14019.589431539249,28203.274128265562
2017-02-23,954.0962216531537,622.3120942675163,1286.63722261999,21832.336541020675,14225.189754085422,29158.011126897673
2017-02-24,1267.4355741791646,937.0499235807506,1578.9410779632865,28229.834846064346,21792.546626773135,35291.99517992692
2017-02-25,1702.982734240638,1358.7758441594042,2030.272839541737,36239.294274524465,29019.996201310307,43186.54205351238
2017-02-26,1757.6133299444837,1435.5330150669492,2081.4319256016083,37237.67460068288,30244.59453271815,44499.378588703614
2017-02-27,950.0098691219756,635.4871004469784,1287.6870815899576,21983.905800753608,15301.558841301769,29393.077671700183
2017-02-28,793.0485382835911,481.6019294725233,1126.506406076377,18541.669108591348,11123.301225639823,25892.51268283559
2017-03-01,870.217802688798,573.2657492831299,1208.4710485203532,20398.415868021875,13780.466335059029,28097.593145358176
2017-03-02,952.6578554483917,622.3265979368566,1255.5423722440726,21694.455222992867,14076.820440110192,28671.189420290964
2017-03-03,1278.318002466021,960.1084055534708,1634.1292828663918,28289.958026059834,21094.520093259,35894.43274174181
2017-03-04,1726.3113471984507,1405.8648074891655,2061.034775965534,36501.100348532294,28836.11678775023,43971.60131446717
2017-03-05,1793.277882457387,1459.1443098598256,2137.0356070098765,37700.66893418673,30132.92800260621,45371.399780986925
2017-03-06,997.6691910237164,670.951932326423,1311.6444369765254,22643.497104448354,15746.449907438227,29484.966250294186
2017-03-07,852.1397154577128,502.03613583952836,1170.900035836383,19389.32441460928,13032.743556451707,25752.507221204876
2017-03-08,939.9696069002521,603.6095978771225,1312.9509641404873,21421.890001516385,13821.792864918621,28738.807879097665
2017-03-09,1032.1081210759844,719.6269548788159,1350.3670759337836,22878.089408100528,16305.826278082717,29676.08822666042
2017-03-10,1366.3345745586046,1041.056250897758,1703.8173921094642,29615.041089775157,22674.898192912424,36946.743641508445
2017-03-11,1821.616159298595,1504.6777070309975,2153.6547144370006,37946.28496777214,31026.290620879972,45417.13523706198
2017-03-12,1894.4736637094443,1560.6495601303834,2215.660010088693,39242.43430972569,32222.581089158983,46842.768702674635
2017-03-13,1103.2682573922725,796.5486729657696,1414.0905819339666,24256.649005776733,17484.615688085472,31361.462331402246
2017-03-14,960.594259921116,613.664298776495,1271.2447021733399,21047.52264155732,13954.103642442233,28076.26074072494
2017-03-15,1049.7028793455877,713.9348768315382,1375.8781608887343,23098.193050949863,16123.318008003844,30380.44929440086
2017-03-16,1141.5458745421581,788.9039663961362,1451.0649206620033,24545.50586803624,17465.105555627968,31571.756683848347
2017-03-17,1473.9361527272865,1132.931899265264,1800.8448204668518,31247.07722871563,24336.9016010168,38210.09100456812
2017-03-18,1925.9046105371735,1611.9961041327288,2271.9616671749504,39517.478114852165,32459.426481581606,47024.390996333896
2017-03-19,1994.0642892177077,1654.9226466358461,2350.1419529490195,40728.86192705822,33272.481141101925,48212.51965605857
2017-03-20,1196.8950348183218,887.8509570343424,1528.8938785510782,25636.403836037738,18293.57918143142,32439.22632440525
2017-03-21,1047.1336283651706,725.6622191908356,1368.2857990500363,22301.144960679052,15528.905416250234,29615.97637865276
2017-03-22,1128.1944263092494,809.9112587788733,1440.668890132924,24209.05186163242,17111.08790050241,31265.614553652213
2017-03-23,1211.209528906421,893.8734829242853,1543.775962401984,25500.12181937007,18415.590533837956,32315.953775817205
2017-03-24,1534.1855590948478,1174.2833178196768,1863.0309101578111,32035.38112340444,24990.68023057183,39405.91746963083
2017-03-25,1976.3564380708358,1634.6084088294476,2306.0112328830596,40133.000082737584,33449.225376661234,47107.937891654496
2017-03-26,2034.5433102404093,1726.850882734316,2366.5496622981987,41168.84758664846,33719.79985358695,48327.29684671416
2017-03-27,1227.4348944960748,910.7464024000327,1561.6524551289199,25901.85517531941,18139.344550496127,33498.772589213906
2017-03-28,1067.973313847453,760.4749294509871,1396.2244036042066,22396.785059904127,15560.289937498907,29691.029994294877
2017-03-29,1139.770530845493,804.7693156243862,1454.266147375502,24143.214029160114,16146.060123830934,31088.609463076118
2017-03-30,1214.1444915643328,875.2844111598229,1533.0969761950741,25284.565157092813,18576.13160565686,32012.017975776864
2017-03-31,1529.2721422786956,1201.812284398335,1858.5155437760347,31685.0359670778,25099.74865396896,38610.77298984015
2017-04-01,1964.5387810827137,1592.9277864112732,2297.536454644922,39665.6481147631,32606.089022686738,46605.44812014205
2017-04-02,2016.8949668560701,1669.5912678872235,2349.751135558273,40604.74276643954,33849.37427284232,47655.77365678165
2017-04-03,1205.134323253833,869.8306722436142,1532.3420635884963,25263.292787712504,18316.388317183297,32663.97010317154
2017-04-04,1042.2773415124714,728.2626329085347,1368.8329493782235,21707.62728446229,14687.925932908083,29044.39952097854
2017-04-05,1111.9863502962232,770.6740599355529,1446.6931090097994,23428.381359368916,16719.53897910042,31154.83534944486
2017-04-06,1185.6007847536737,861.1701241262762,1516.3282611541724,24569.50376441285,17669.886787396186,31800.266188653943
2017-04-07,1501.289936046677,1161.3495163919413,1826.5310057150266,30995.171683784516,23692.342143529695,38297.16297968764
2017-04-08,1938.4026481869228,1596.1463058644763,2296.2417395607436,39025.838089051584,32157.52812972583,46479.812975112705
2017-04-09,1993.8251763841863,1657.0610051417414,2316.4283658892623,40038.736009522596,33109.96780401872,47030.240549407885
2017-04-10,1186.2605238150875,865.0417364504764,1536.3195860870771,24793.210779546793,17367.25523765534,31932.554154514735
2017-04-11,1028.614327508433,728.2341301807367,1374.5427492970312,21353.4755256234,13874.47593406086,28924.364762875677
2017-04-12,1104.4124169841905,757.5612973669516,1440.6303083948455,23207.602255509362,15844.332494044751,30586.89839740383
2017-04-13,1184.8391224056365,858.8262079554321,1503.7885524136443,24496.580507401955,17446.754508798957,31611.20650289504
2017-04-14,1507.8934486397723,1196.978885348418,1841.1462925563942,31081.291863352864,24037.789704479022,38121.52509126923
2017-04-15,1952.7425088046407,1636.1264263493874,2292.3449503730967,39278.624645499214,32093.599591751878,46712.88962446863
2017-04-16,2016.0833517698488,1672.4294505018993,2341.9222257647607,40462.05182995179,33638.696959640656,48176.01738831725
2017-04-17,1216.426415504501,892.1895800835406,1569.657780295345,25387.041790893505,18358.464523078823,32738.17648075378
2017-04-18,1066.4855888859322,734.6810523910847,1406.1641372553486,22113.895552416176,14673.155593708234,29028.058734883987
2017-04-19,1149.5999161772204,810.8555449965492,1490.1655453637618,24126.821233928295,16910.64917397368,31535.4589499103
2017-04-20,1236.7759320154623,884.3672762913734,1579.8147283617727,25563.07590614468,18172.36818867424,32386.234353102565
2017-04-21,1565.8476569846364,1214.3015665022685,1900.813521120441,32280.02139639495,24955.49764053097,39295.64230305804
2017-04-22,2015.8335654305008,1685.3382033508954,2347.903678444295,40591.316601933664,33499.69305293261,47584.356527205346
2017-04-23,2083.301584128929,1764.4715720041586,2401.7762218662483,41867.5676453129,35189.95697165394,49030.91978165272
2017-04-24,1286.6552859179344,965.4675860638196,1626.7896988139719,26861.803857153653,19803.86067487222,34106.212121951525
2017-04-25,1138.526202360935,774.8405495926938,1461.831732316262,23632.371770854523,16489.96520957245,30970.431231372426
2017-04-26,1222.1972418018481,912.442398293965,1538.7469280875935,25662.056476748337,18236.85483723796,32658.53834764533
2017-04-27,1308.6461646301711,978.2445037985304,1631.0732585485114,27087.259408497528,20279.431261487476,34786.62635264674
2017-04-28,1635.7061223031696,1309.2807832635067,1957.544881820341,33765.07817616924,26711.532229881625,40474.15146551279
2017-04-29,2082.4225614422035,1724.486860468899,2433.925844642352,42009.510327917065,35063.05231190028,49559.751144896996
2017-04-30,2145.41755458462,1809.9908319470323,2472.534665722855,43192.10196272835,35766.612935998004,50293.635614763654
2017-05-01,1343.174738037521,1007.4913211174994,1658.6847849517694,28067.409049476017,21092.504816050354,35345.672552951844
2017-05-02,1188.429810160425,859.518663612493,1522.245859011833,24695.86379475318,17368.517120102388,31677.15999468527
2017-05-03,1264.5916180268891,909.6175419513737,1591.5824421866917,26562.85585572657,19259.89573184178,33408.998285295165
2017-05-04,1342.7828373002794,1011.3936701090779,1673.7003208678793,27807.8582028425,20268.92403618743,34604.74918718479
2017-05-05,1660.9973148863016,1331.9152740923669,2032.1726644044668,34291.44426814017,26982.96018235838,41701.22950657746
2017-05-06,2098.4534479124,1742.9238053781166,2436.4488121929708,42331.419499201686,35411.16609470046,49970.71462337242
2017-05-07,2151.95473943827,1790.4604571533428,2494.2623373725983,43303.38976356076,35896.21981565352,50406.68231174384
2017-05-08,1340.170795887827,1000.7197312354936,1649.2474876196823,27966.136141635256,20586.71722751908,35228.72333548397
2017-05-09,1176.023807398384,882.9749819946957,1534.5915634866533,24384.3903157792,17009.530708849183,31766.55504005955
2017-05-10,1243.1056282905708,904.5289932853716,1578.0028404576901,26047.82233785834,18832.473453636478,33187.285976153056
2017-05-11,1312.7145511810181,967.4968400799157,1642.6616625446377,27100.072651369752,19432.11798909578,34250.77698894535
2017-05-12,1623.0089304651324,1269.1793960782177,1929.8240107347228,33405.677092515594,26094.882015673677,40387.76889697209
2017-05-13,2053.3571099024284,1733.630847919291,2394.4544422671393,41286.11010532231,33351.0860315712,48505.26429575355
2017-05-14,2100.6948700029275,1773.6056051388364,2435.351994040125,42120.27061526301,35122.157643537146,49299.59676794744
2017-05-15,1283.8037269322122,957.935532026843,1619.0290083025977,26669.78202812403,19762.101495790317,34190.02366427539
2017-05-16,1115.6951813696228,805.5509953135968,1449.342714255674,23001.702317905907,15609.112306825202,29926.150001140642
2017-05-17,1180.0260808106725,832.0211352821914,1530.949944139653,24607.4575453269,16811.97764848479,32042.381080770425
2017-05-18,1248.134223141271,941.448801327249,1615.8981086346143,25631.832002918538,18945.81025445575,32650.030478581288
2017-05-19,1558.1913788601785,1235.6171459932475,1890.8992862607774,31939.864759250027,25409.69446017397,38994.707948787785
2017-05-20,1989.5531951715907,1698.4125882396906,2314.391482434659,39852.87858456287,32221.337947636683,46747.48177261099
2017-05-21,2039.1171928932017,1725.7041405849102,2367.416203930514,40748.966128551096,33715.88846196147,47966.0426227734
2017-05-22,1225.6021700649712,910.7158374466303,1544.185319301228,25388.30490837614,18280.60705605613,32672.66939795696
2017-05-23,1061.9340803144614,722.9876046447112,1401.6632840988834,21835.896822309343,14729.656774629026,28836.566072956055
2017-05-24,1131.6635072809647,779.8882245668982,1462.1944019488553,23580.544943871373,15997.302455990064,30320.85498798548
2017-05-25,1206.0038099505728,865.5968848041871,1531.7062472756681,24763.899876229225,17386.63977559431,32280.408900818464
2017-05-26,1522.98705457882,1181.5726437963647,1860.6632340438325,31247.42423461956,23736.02516271895,38320.8614845029
2017-05-27,1961.8171251738077,1629.1211578756001,2277.0943510844045,39348.49970294324,32285.38902256529,46846.76702322149
2017-05-28,2019.2311483797139,1725.3856941316915,2340.2471198638173,40440.999817619595,33453.871701248485,47955.676347672226
2017-05-29,1213.7824655660008,875.9561623365755,1543.4358593442767,25280.69806136437,18120.438081429857,32896.618463177336
2017-05-30,1058.2301374132785,734.3353158939589,1395.0389520407582,21928.104863337427,14955.518046848503,29809.222371484455
2017-05-31,1135.960019099216,809.359869943292,1481.4619732759231,23867.544025832725,16593.483393013466,30750.203190395907
2017-06-01,1218.0263994690813,906.42382735154,1547.9066652341578,25236.298565350527,18052.31522190947,32631.074888595344
2017-06-02,1542.3112412327293,1193.8558304380715,1839.9187747648346,31891.672217731066,24895.771190780968,39785.37210948073
2017-06-03,1987.8803426616,1661.472530031274,2334.743260718193,40147.188836109395,33115.044159653335,47845.3218536438
2017-06-04,2051.347489836788,1726.7435580072668,2358.0371425412573,41373.250653757284,34152.27799905236,48339.752614094636
2017-06-05,1251.1597757148681,935.8931097832425,1557.2901480898854,26322.62301990988,18831.889966930397,33187.87176690904
2017-06-06,1099.9890238879887,758.4067805440997,1452.0445159244236,23053.33741555002,15823.277798799023,29784.220136305197
2017-06-07,1181.1543186246076,861.6523292609527,1501.2636094900079,25047.821731638178,17488.200495894864,32626.739334998438
2017-06-08,1265.6646095570568,934.2075325625473,1595.8698150483674,26442.08654581333,19599.169097790167,33255.500875234415
2017-06-09,1591.3784151024859,1284.2631374717132,1921.0435351014187,33092.81271481645,25981.314257188405,40256.94328412922
2017-06-10,2037.3599441312917,1715.2443998973088,2380.966901071067,41313.56191763503,34196.61001302255,48369.60189836013
2017-06-11,2100.2427160437605,1767.8780232452614,2388.131547150281,42475.43088582769,35455.91909248723,49402.53668685234
2017-06-12,1298.5138780307261,964.8191548543685,1639.9681388158585,27332.517053742453,20201.48421958364,34663.31481260816
2017-06-13,1144.9041907624207,805.8733088903724,1452.8685629481506,23944.787921493546,16841.039328467727,31277.03712234411
2017-06-14,1222.8087271752972,919.7310451187965,1555.1051341696532,25797.163943312025,18180.960271406017,32750.401418570244
2017-06-15,1303.3273042129395,970.8210561707459,1648.1651189498953,27028.64484635877,19649.42211388753,34008.62981722154
2017-06-16,1624.4217307459967,1287.0321219958632,1946.2222645070785,33499.32613989243,26633.682874053873,40834.190171422866
2017-06-17,2065.269255141589,1749.5754753489343,2389.5118385615065,41526.52918840751,34442.27064632959,48465.69525018894
2017-06-18,2122.623360998784,1780.5258820417641,2450.2619906953664,42485.36751940548,35404.2126716731,49335.802861490345
2017-06-19,1315.0951801199506,998.8794701165743,1664.210771145321,27134.119216207695,20296.809473622343,34368.92572281872
2017-06-20,1155.5405645181077,819.406266169492,1473.5337281694458,23536.999923238178,16552.963100292105,30732.55119500772
2017-06-21,1227.4779312721294,901.588330985931,1537.4302857548207,25183.14857901871,17007.85914211873,32460.69101738272
2017-06-22,1302.1259662824696,964.6236661745011,1647.9830565190002,26215.658082310238,18994.463216342443,33732.3575512877
2017-06-23,1617.5583310136458,1267.1976628982238,1946.780902782958,32498.4999266346,25282.859118971483,39607.359673149214
2017-06-24,2053.0548112253464,1727.2082839055488,2374.9157771987993,40352.56831662722,33452.80012740637,47291.688354876744
2017-06-25,2105.4601036848526,1786.855003940068,2437.993041419729,41156.16844251478,33893.65628103973,48981.627511468265
2017-06-26,1293.4635492436225,946.1602575316901,1616.7041044714817,25670.320554068097,18655.034450933388,32442.944120698565
2017-06-27,1129.9848840845084,793.9987277160027,1445.8680328818946,21961.475904272447,14992.488894709146,28496.63206795106
2017-06-28,1198.5911432241644,880.3624591974568,1524.9323840940742,23520.457935246828,16343.322869005375,30722.581957628172
2017-06-29,1270.533812542224,968.1343124138386,1600.6869508108998,24491.461853442397,17185.3772557518,32267.621367086973
2017-06-30,1583.9033736174854,1260.3482039720911,1926.6940882346098,30738.9622341857,22806.33689439264,38122.34786760989
2017-07-01,2017.980670796046,1675.8703598039913,2367.1460902570784,38583.75442441193,31780.46798793234,45587.35051749851
2017-07-02,2069.596277707802,1723.9662268984625,2398.245387237873,39403.454322927995,32309.17725251963,46752.32628500211
2017-07-03,1257.4111442735752,939.3594639205646,1603.4510442519777,23957.82773355788,17019.809642468943,30799.925484886753
2017-07-04,1094.3035610976904,761.9539250607396,1425.132179936447,20311.54457556391,12877.134412655068,26940.631081602358
2017-07-05,1163.787534779559,848.6836725380612,1485.4777659822291,21953.170273001135,14781.774385040533,29296.47296070912
2017-07-06,1237.0516227794255,908.1314625788842,1559.341422076956,23024.226021469607,15318.939502212657,29826.562638504773
2017-07-07,1552.1153234699993,1234.2336639551158,1877.127299138873,29386.166037428324,22297.638503549475,35496.4362846106
2017-07-08,1988.1823978984437,1678.4109463429784,2321.635000027669,37356.49570669701,29923.295062730715,44470.298965643095
2017-07-09,2042.0022475587857,1729.3594026555397,2372.927007302595,38309.35325336484,30165.526873355266,45360.42166088924
2017-07-10,1232.1525769626846,902.5902437557594,1556.886046801652,23000.924060112025,15755.20342181949,30410.516735161058
2017-07-11,1071.4283277740626,775.2067816621994,1411.415525256687,19492.28081906181,12368.520096510267,26344.72411331292
2017-07-12,1143.2619305791009,796.5046347928043,1470.9200643333672,21268.459691515178,14202.876503498619,28290.84218596856
2017-07-13,1218.7638820163215,888.2909152293022,1532.6923174425756,22467.60220969826,14847.364113108493,29028.949398349865
2017-07-14,1535.8807048928036,1201.901239835865,1882.7037873881984,28948.009016366905,22381.04885406616,36257.8454754124
2017-07-15,1973.7496381902095,1625.4488336125505,2298.7987696109585,37024.32762684427,29275.929812516737,43925.97885476453
2017-07-16,2029.0611578569365,1706.466563377619,2378.073258904289,38068.19525946819,31069.330767828484,45396.26041811789
2017-07-17,1220.3425412803651,897.3942138293536,1530.6117890184728,22833.704538205075,15060.136725468594,29673.36935380261
2017-07-18,1060.3474538229914,733.3577267674783,1370.6267971490597,19380.28418975559,12182.344125857167,26672.556274331033
2017-07-19,1132.4766026370753,807.8511497128907,1471.228334025333,21191.804151352502,14218.005368709551,28666.39549762403
2017-07-20,1207.8184717140787,866.6356640676872,1549.645755191268,22405.734367247744,15240.464284473946,29548.83614059552
2017-07-21,1524.3072087649664,1201.5201068556016,1845.06959114796,28880.203230614243,21413.012830340926,35822.39299220827
2017-07-22,1961.0770297424467,1621.1543856854043,2308.4745362424205,36930.178028400616,29524.438411848736,44131.01106119554
2017-07-23,2014.8242659381663,1705.33302283124,2336.7581829907485,37928.08891048394,30785.429545204064,45258.40733638745
2017-07-24,1204.090294714198,883.6750032196607,1536.7150868679303,22629.26494624665,15535.753116610304,30174.054508487567
2017-07-25,1041.6502850133675,730.2851668562887,1378.7803370713536,19094.775408339618,11934.662864369991,26415.81118635437
2017-07-26,1110.9332282165474,783.1454952593068,1411.3908586622567,20810.486944742326,13899.899262635441,27511.755055399186
2017-07-27,1183.0615176214706,865.6400573005922,1539.1890568804556,21916.167347544044,14412.94238403386,29120.495717799175
2017-07-28,1496.0079649762067,1152.2332693062642,1805.719674438506,28272.48345513299,20946.03095951977,35902.53949238803
2017-07-29,1928.9492594155276,1602.618947234704,2242.6219802001565,36197.11722368763,28824.948652001647,43617.01844488104
2017-07-30,1978.6271013341639,1648.9602924294393,2318.3590057647466,37065.32322172769,29542.666541796996,43904.63510574203
2017-07-31,1163.630277874689,864.5650886630722,1510.672441126002,21635.297848357113,15150.81889831468,28581.73881924298
2017-08-01,996.78271096098,652.4200287410273,1330.1288196749088,17970.955111387644,11197.238431129523,26002.27202727909
2017-08-02,1061.562572563169,737.3493804605552,1394.8450232300838,19560.92123363552,12699.545032237693,27395.536003894595
2017-08-03,1129.141526025223,815.616586543181,1457.5736120817116,20547.580277445468,13246.254031733977,28105.973169317997
2017-08-04,1437.5412029084068,1099.5912656807175,1749.816106054552,26794.01963619181,19677.27237677222,34011.60820057384
2017-08-05,1865.9863128198126,1550.7681607386658,2206.821115698219,34620.1005438918,27183.787848039163,41722.21208303801
2017-08-06,1911.2655348814028,1577.2944437627598,2244.0228767590047,35402.97774857932,27872.716797796336,42420.95648008075
2017-08-07,1092.0134469898605,765.943423538846,1401.933053403063,19902.43929783797,13269.253348142967,27642.460681288434
2017-08-08,921.0985088633518,607.9828341457874,1270.1973227733017,16183.661666970815,9529.208461282251,22869.613031397712
2017-08-09,982.0421749058228,636.4672025400616,1313.8943567627714,17736.192634366776,10394.614276498876,24539.62210412191
2017-08-10,1046.0581742003842,704.603169422403,1371.3666716177893,18702.993976002428,11732.095547781157,25914.39876835365
2017-08-11,1351.2090436469646,1034.8469994946436,1657.7364194494676,24947.39246567763,18283.28569900834,31954.535327466423
2017-08-12,1776.7592874858894,1459.4000724371515,2097.12148369841,32789.16374568352,25555.877246053038,39678.18696468815
2017-08-13,1819.5362878139867,1481.5068758026212,2161.536190171312,33605.07242468516,26336.778028670222,40438.70774596159
2017-08-14,998.2018989112294,667.2839587497348,1327.103682178222,18154.23839191302,11247.160346321518,25252.177966344552
2017-08-15,825.671224333018,501.1363109821211,1133.2451712494722,14500.923479755003,7655.1490341729605,21686.386556451453
2017-08-16,885.5006292413318,564.183074243288,1204.0219481516249,16133.549684072399,8757.689066750672,23243.742986681962
2017-08-17,948.9370190930738,640.4259416268192,1282.7638622287816,17193.779754810872,9955.250462553602,24614.336517709227
2017-08-18,1254.0739596241406,908.7229531402595,1608.0694756425885,23543.507368783892,16545.544208971103,30803.428999090338
2017-08-19,1680.2043096855741,1357.50636572173,2000.9085346633715,31500.980193525644,23956.89342924871,38255.05233717795
2017-08-20,1724.1804951051586,1397.1786586097326,2053.59643900651,32441.37800464716,24878.938421178016,39513.32239421591
2017-08-21,904.6956666453667,584.0332852906461,1239.0034550601895,17122.214747802926,9822.133118370728,23944.66735212393
2017-08-22,734.6707533025835,424.2752657620603,1069.516773625323,13606.157710135989,6201.880366576611,20874.694028694707
2017-08-23,797.6724912802246,456.0325317976371,1113.9668789136044,15380.074197510019,7839.17804016474,22520.288035989106
2017-08-24,864.9514797153782,529.8348930753826,1198.4757209347974,16584.13590153063,9762.343025598006,24529.398887355328
2017-08-25,1174.5973723873076,851.6322312133559,1506.0545795319115,23078.82773139464,16414.108495639095,30000.41459851365
2017-08-26,1605.8906110194948,1297.0845490145593,1947.4074141627436,31181.084190706348,23706.9915078419,37834.19610762675
2017-08-27,1655.6618656067214,1357.2454146029884,1985.1671076245198,32264.875439902356,25293.282199681562,39006.56596842576
2017-08-28,842.572463525117,526.6126333226429,1167.4195263338604,17086.612118001955,10176.07397724046,24480.30467164452
2017-08-29,679.5008574925832,336.5326854706272,1019.8918100797111,13707.962464068582,6126.898752286105,20467.720406860553
2017-08-30,749.9602502769008,413.3931255802017,1067.1015477895041,15614.892685355155,8323.442177131807,23047.263953592148
2017-08-31,825.136462253283,519.0511043500244,1152.5456697654,16946.76146002504,10110.532873226755,24675.466706562085
2017-09-01,1143.04318206964,834.662482319916,1468.5103434448674,23563.3161768114,16372.922105193524,30269.94779105477
2017-09-02,1582.8740318942425,1255.6052321949235,1919.6870207164197,31780.81491229699,24218.301217389875,38596.02233137277
2017-09-03,1641.332125018971,1304.2516355654554,1972.5969852301612,32971.676302066204,26011.81154639996,40077.01622052554
2017-09-04,837.0029450605764,530.6367912431807,1161.454818093587,17892.632183010806,10816.269252597831,25402.021054621397
2017-09-05,682.6505296886792,361.0847879365717,1008.0223086455107,14604.767913778269,7190.743887535141,21520.436317302345
2017-09-06,761.6671425714643,437.99372198137866,1097.6856632144686,16593.47185758529,9345.460182163106,23953.655347811193
2017-09-07,845.1129698006405,523.8161295686166,1169.8460326637814,17997.520942801282,11001.124687825306,25007.50342101337
2017-09-08,1170.873464408471,839.7885149936237,1521.0999405133482,24676.071576537932,17201.641777728022,31658.561989811074
2017-09-09,1618.013737438891,1286.3183575502787,1964.363727195811,32944.780471084814,25361.294053752634,40107.86007226971
2017-09-10,1683.1411387197027,1346.6727590896046,2006.5331703216589,34176.37888639084,27341.779184967032,41767.3223241428
2017-09-11,884.689271292649,579.0565846946059,1219.995525000479,19126.070551371886,11973.45567870704,26386.6209838516
2017-09-12,735.3084364461287,408.2226851430136,1055.4044049211254,15854.347772152256,8882.913344165372,23356.249470502473
2017-09-13,818.2875594301033,472.95307690026334,1160.8598365794799,17846.037378741727,10278.238069799647,24678.29120942146
2017-09-14,904.5966004433319,571.9295765640201,1247.1901675131357,19239.407805693954,12178.42772517108,26234.865720652648
2017-09-15,1232.0464975638422,908.3305333350775,1539.9100441361688,25893.184998459565,18398.38075529402,33583.70986946946
2017-09-16,1679.6459692697854,1382.9893787018152,1992.5839784495845,34122.70090338679,26614.341453884797,41346.88439795783
2017-09-17,1743.9662498019416,1419.8235705445127,2085.263858685875,35300.497085913354,28149.3925366945,42470.19439849111
2017-09-18,943.4269342513044,615.7203589372181,1277.7088381672465,20181.752652640527,12770.236104891144,27486.927537901454
2017-09-19,790.6878681075791,467.5670116929033,1122.332098615576,16827.129805605535,10260.05558729208,24508.36047160287
2017-09-20,869.0720756876951,554.7449185656972,1190.7678562616052,18721.84744232514,11623.699566628928,26196.605671682762
2017-09-21,949.6086848851005,617.1709380517937,1281.199669816087,20004.812845094122,12802.553955478028,27531.894593476492
2017-09-22,1270.1928577288866,941.2674855538604,1591.648505765553,26535.657925096653,19066.562621935274,33710.804902848824
2017-09-23,1709.9420286561983,1373.951364201025,2048.0235155951414,34630.902622953945,27321.74157083269,41447.71596916694
2017-09-24,1765.5112145033977,1434.6290432903909,2118.3613217781067,35663.034662143284,29274.976350556743,43043.2360863375
2017-09-25,955.522053391878,623.3589667463011,1268.4708450865282,20390.53544889643,12874.6691523925,27429.56355309958
2017-09-26,792.8075611285992,484.1616907885119,1115.8313501789144,16876.121713829147,9870.538694289366,24047.482162158285
2017-09-27,860.8805878795376,532.1424277866823,1196.2915832402095,18607.335842680222,11241.27738599678,26060.74620046885
2017-09-28,930.9734945100315,601.759347272831,1259.5293637663146,19725.653179802488,12668.057364584942,26776.904781666603
2017-09-29,1241.1944094322705,926.7134401583811,1546.016154617228,26093.485085617154,18821.45925179289,33411.69564014389
2017-09-30,1670.8794356337787,1330.7727902815468,1986.7881005670017,34030.300636327716,26606.934770525313,40888.20336574707
2017-10-01,1716.9519467894606,1382.6121363241732,2058.5940833650457,34913.18902676434,27860.010941028962,41793.89036479481
2017-10-02,898.202237951337,574.9274191759101,1225.6936285316433,19502.23179046282,11955.6697670874,26296.543389851307
2017-10-03,727.6725756639289,411.77132582249857,1056.211953753486,15863.278546444646,8630.901554343583,22986.64712250335
2017-10-04,789.0727717137956,477.3449711755924,1131.863320997784,17486.937522495682,10026.738289869932,24392.50163398568
2017-10-05,853.8153847145165,525.0816545736208,1195.1906598541448,18517.612182460467,11172.314959534508,25796.471886391424
2017-10-06,1160.1677198804255,832.2157302914509,1476.6759699052175,24820.43214044927,18090.059310277175,32273.396810008693
2017-10-07,1587.6001002827434,1238.0376683101629,1906.7598682427326,32717.30308139001,25646.819877407237,39968.358996359835
2017-10-08,1633.1416477124467,1300.4978282461493,1970.577983600711,33587.3996614316,26648.29195664029,40900.893272002366
2017-10-09,815.6569308935956,498.96903878354135,1148.0997275195518,18192.47244442559,10822.519511571307,25689.226089673524
2017-10-10,648.2286088033727,325.7732841157205,978.3332034585178,14599.564503180482,7350.126969528376,21578.860053232893
2017-10-11,714.5712645167189,393.63112692613817,1047.3646356009147,16299.950774825327,9250.99684491584,23305.83452034409
2017-10-12,786.0655914173055,447.22074469886957,1120.6535322321724,17438.13320657712,10353.830857016806,24943.80768976054
2017-10-13,1100.9101443630834,755.4563067205426,1436.029223423251,23878.7413987681,16790.523187216655,31039.796718183126
2017-10-14,1538.432752431383,1213.2206252562469,1857.622937210054,31941.046797122293,24781.868631606867,39400.38492298476
2017-10-15,1595.5598498812788,1287.6099513160239,1910.410581683899,33004.005219078324,25775.72698086714,40610.42258261028
2017-10-16,790.9830509718747,464.15732119562944,1100.122811286581,17827.019884818248,10612.78167836536,24865.815854526736
2017-10-17,637.5820887959984,299.2212112935952,983.9478824396583,14474.200533136598,7107.15923587154,21599.69800013822
2017-10-18,718.8422555172382,378.83525374916474,1049.0899211910685,16433.341916766993,8656.563805004978,23336.2414379724
2017-10-19,805.8928432492137,478.3447024308285,1146.6019648614936,17844.972298212433,10765.881995623991,24925.217967639604
2017-10-20,1136.6637171046877,826.5213629582544,1477.8895839196923,24569.320902386396,17512.31037226002,31802.81594417435
2017-10-21,1590.239423494025,1243.591288190334,1905.7287458792118,32922.42922010639,25793.075967638397,39956.47419519828
2017-10-22,1663.2219710505951,1319.6423804850442,1996.1564998605652,34276.72968461769,27152.86075730432,41202.79729766441
2017-10-23,874.0155125252231,582.7871850363075,1223.831879421365,19386.461694238496,12063.354971721554,26636.480231487596
2017-10-24,735.2178995770555,405.7928974224803,1050.554129244441,16310.51889849513,8841.23595898754,23316.1035572981
2017-10-25,830.0441269762969,510.4911696367617,1166.9919235744296,18531.538526862136,11367.42716830206,26128.159277453586
2017-10-26,929.3706296640485,600.3990113363665,1242.451950464663,20185.062925566126,12996.324499168317,27675.07207872371
2017-10-27,1270.8974316377492,922.3405384335952,1584.9522242025141,27126.61963519696,19905.508510554842,34518.54237017713
2017-10-28,1733.5074214059496,1416.1893217610648,2086.287603298271,35667.94221669206,28403.5644592565,42694.07749800679
2017-10-29,1813.6337702655221,1484.6134602844857,2152.4649749721575,37177.65266397176,29946.440053826045,44335.11567036118
2017-10-30,1029.5486108032503,705.5754024473764,1364.2384746849561,22406.77276373993,15601.598207570574,29719.308634656823
2017-10-31,893.7578494466802,572.4654456769289,1236.029186648775,19411.655844951507,12465.474441609307,26585.58197335131
2017-11-01,989.4270468325685,684.5923839201166,1312.4515888182652,21673.147426254553,14531.937690266368,28846.76060219802
2017-11-02,1087.4272640204213,781.6017806803197,1410.40616352765,23325.80291881594,15914.899546959403,30233.740006856817
2017-11-03,1425.4519264608346,1086.8252301173547,1775.1192694746962,30223.72390604461,22534.395827706216,37234.2148666341
2017-11-04,1882.513459172046,1575.5207409207294,2208.723983590754,38680.64951559712,31872.92987829278,46035.90668293796
2017-11-05,1955.1716957956025,1614.8772875865793,2282.6004604043464,40066.79155700879,32616.542251554467,46921.438007985445
2017-11-06,1161.866205092003,840.4190640961446,1490.1109342612951,25135.61156843989,17220.872516613992,32679.13605398343
2017-11-07,1015.3079426839404,682.0904121565771,1349.4418247493247,21946.71557413842,14564.184568001581,28990.991902819864
2017-11-08,1098.9011220111042,771.6846814655094,1425.801357026286,23984.958639694883,17415.345009418725,31273.646881927292
2017-11-09,1183.7842814505482,859.3702573124546,1532.453627861373,25389.588300051983,18338.627855226194,32259.38794772048
2017-11-10,1507.9875973202568,1196.6606839058159,1836.0528736850554,32021.272873605274,24383.665089334358,38969.121654144554
2017-11-11,1950.785804550104,1610.568236411914,2273.031650427072,40198.237340393694,33644.071433432786,47447.84547817474
2017-11-12,2009.0578631644187,1686.4957019924407,2342.830283612424,41296.82888913614,34169.96777659862,48351.56694933408
2017-11-13,1201.5666421850606,861.8491527391532,1527.5614393360095,26076.881537472917,18706.394665823846,32992.58647005072
2017-11-14,1041.3436781600408,731.6290473474527,1355.0646405444613,22604.474053867885,15387.434507317288,30414.224113837852
2017-11-15,1112.1041507512666,800.9735151494957,1421.435546545931,24370.893162623237,17389.92914670553,31616.543608616517
2017-11-16,1185.2812028415178,877.0657366755241,1524.6358727906759,25521.63427664126,19383.841211275965,33062.76262605706
2017-11-17,1499.1768031690663,1180.306466320726,1824.6441409289653,31923.289017550953,25344.09082376658,39492.547237734325
2017-11-18,1933.3086559575154,1580.617156479026,2264.3806978714815,39899.545446434124,32852.05043227344,47063.18313823466
2017-11-19,1984.7644295746086,1642.5161662388098,2315.884393955167,40831.62627760606,33358.3663757552,47851.53714639981
2017-11-20,1172.4766977996762,853.7552873600235,1510.562432501619,25483.537492129406,18426.1705952079,32941.673562225405
2017-11-21,1009.6037582317181,692.2359237746815,1355.808919843301,21924.724364369296,14371.236527597159,28833.7610940401
2017-11-22,1079.9415605042236,753.8446258686013,1401.7287180173726,23648.949372180254,16667.573870780707,30356.54242469776
2017-11-23,1154.955942724922,826.7060744371238,1484.795468014605,24803.22636514794,17974.71568693526,32092.80417989144
2017-11-24,1472.8851597251182,1155.1461144010823,1827.5760354832616,31253.63511021602,24209.435296808657,38507.22662204794
2017-11-25,1913.2285587370886,1607.241432373223,2236.7104809135562,39324.37770049095,32400.568894631375,46741.905139399285
2017-11-26,1972.9600339119363,1631.4990715443198,2304.2516167566528,40395.13427579544,33010.272387966266,47217.97598451476
2017-11-27,1170.8522818652248,851.7859030773258,1506.1182443737969,25227.359333830093,18245.561002672042,32906.81346967017
2017-11-28,1019.8606598690906,692.1104325637489,1338.4780720907866,21886.981090743622,14977.10565208878,28580.339551147452
2017-11-29,1103.5390823090083,780.1192618255877,1456.2749586141886,23863.34444668849,16646.918054221584,31248.047270369658
2017-11-30,1193.077072002164,873.6648747983694,1529.7404087658101,25298.2306562292,18073.836737502286,32508.371354583214
2017-12-01,1526.4551141431134,1198.58043253591,1856.2009419208798,32052.802931177594,24377.62350939293,39106.00400734013
2017-12-02,1982.7977288249976,1648.5536048862703,2280.6431744075476,40443.70297570482,33736.121087499276,47948.85908931888
2017-12-03,2058.7354092190158,1726.6267692999838,2383.314513542631,41843.62192614403,34880.50191177718,48835.40028005821
2017-12-04,1272.6886603605897,938.2503756039079,1585.4149175979962,27006.71547291778,19631.980321413874,34051.320519751345
2017-12-05,1137.259114256854,819.6229936817507,1467.4078203906136,23991.456756605967,16960.285115492345,31351.875282119894
2017-12-06,1235.652738955632,894.8278802125953,1582.8514343020818,26279.737377949987,18919.34361912598,34157.419167555876
2017-12-07,1338.7241037527315,1016.1390636422676,1679.8680304087486,28006.04615355967,20883.082014140302,34979.826185790356
2017-12-08,1684.1386961254075,1352.4514792303862,1993.160497611592,35024.571342870564,27647.613085465386,42634.4958107706
2017-12-09,2150.7325597748268,1821.6346388292468,2468.2019398245798,43645.44789199657,36323.77029871046,51025.05291930473
2017-12-10,2234.8802630759374,1914.371390836281,2561.7160591991856,45235.46983990001,38924.19816570279,51961.14394295146
2017-12-11,1454.7843067980075,1127.301968288024,1794.7074015519952,30543.6345400209,23432.038156700437,37869.30069786712
2017-12-12,1322.8708351206683,976.3845133880654,1657.582213490003,27624.10943952504,20438.698846710246,34969.17071415098
2017-12-13,1422.2165727016775,1098.410420095678,1752.8872104330583,29955.429246348518,23448.1403262663,36769.62287608451
2017-12-14,1523.5554252130928,1198.0354065830513,1876.200639550429,31668.965446605795,24884.43480703231,38982.357732552395
2017-12-15,1864.5639255647486,1507.8902228746467,2178.035925614306,38618.43999736313,31551.84693011868,45366.7730483251
2017-12-16,2324.100275516771,1998.7033271028397,2645.4360871350486,47113.84800936571,39456.86303064788,53754.02032138329
2017-12-17,2398.612464414503,2067.1617973591924,2715.5407402704845,48522.96441907939,41240.54821057919,55202.53839390489
2017-12-18,1606.4263408261813,1272.5003467629474,1945.3108042205904,33596.87336663293,26598.009310208115,40729.808017559444
2017-12-19,1460.138980813917,1124.7820092915154,1788.3647962032715,30392.89692972813,23167.34487664912,37971.47176759213
2017-12-20,1543.042327659189,1231.5253243205377,1881.1216853929113,32393.731906793328,24686.653186353713,39852.94917712164
2017-12-21,1626.1660607441738,1308.2298099840675,1942.1712540645087,33736.623517876586,26601.205801681917,40581.3792543226
2017-12-22,1947.4367229315483,1638.2227107937913,2265.148099493452,40280.42188335279,33255.276158387416,47459.51107434181
2017-12-23,2386.0324468357353,2064.2008852139274,2710.53523523114,48341.743851355175,40900.32086114658,55312.33669087313
2017-12-24,2438.744395754535,2094.7209472889976,2764.0546673712765,49295.562207608826,42057.4707965447,55957.89985898277
2017-12-25,1624.2581676128548,1296.9766933508404,1930.6902352965387,33900.59162655382,26846.240490301985,41056.43345912433
2017-12-26,1455.5401951859217,1113.8759024104022,1798.4051246681893,30222.06556276942,23136.243308112505,37234.08968844087
2017-12-27,1516.254260538356,1164.370040664061,1845.8953718706587,31750.716038906416,24715.269032544194,38827.44575620954
2017-12-28,1577.797226516729,1255.8969203508686,1935.8739405311444,32631.788547627184,25582.192835235168,39856.09220118921
2017-12-29,1878.4511586750896,1550.9951389886976,2207.009971150464,38731.94128614396,31293.917348911906,46056.573602460856
2017-12-30,2297.7313180464585,1998.8492549225202,2619.173321349307,46375.254589331074,38968.07776860301,53134.27022001656
2017-12-31,2332.7412736153087,1999.5162109854123,2667.730834408807,46943.67575343876,39693.77965357826,53836.13731063986
2018-01-01,1502.4485062617396,1182.207467056887,1819.5066087406767,31202.27156194741,23813.653415857807,38247.49914648882
2018-01-02,1320.0656488785955,982.4476198478604,1649.5586367858782,27221.885399080067,20230.988886865503,33884.10161023459
2018-01-03,1369.4232407417317,1048.6389754346694,1703.4614364075537,28497.42804250243,20970.583745161366,35697.7095462096
2018-01-04,1422.119865101124,1094.6909462458618,1748.425525956448,29178.562477048705,22158.246284138477,36616.472795496
2018-01-05,1716.5535370041164,1391.9340580243827,2035.6135543860928,35134.78126430772,27812.438929398486,42255.10085512245
2018-01-06,2132.3072367807745,1796.3313230763745,2475.639952665968,42691.95574271491,36069.24070316833,49641.68798156571
2018-01-07,2166.5031788477027,1838.985164919868,2474.2324934413723,43232.75680394267,36269.13404804142,50756.00393023067
2018-01-08,1338.0785308821316,1023.3210630621309,1666.1403821058013,27521.905005227418,20188.466442697078,34620.82527106667
2018-01-09,1160.1677150139878,829.5545932851467,1470.7828166861993,23628.846662800566,16482.85940718727,30820.302601407093
2018-01-10,1216.5164742564998,884.7462274290101,1553.178378635574,25046.669554789423,18071.04047696795,31814.846029421882
2018-01-11,1278.5168384174663,961.4562200156037,1627.5159379497154,25921.091326278085,19104.21455711859,32901.30327724004
2018-01-12,1584.3601602026304,1270.8152073858764,1934.6173818467364,32117.369886307126,25407.086334543674,39011.41852266452
2018-01-13,2013.3876656542002,1685.9766694845198,2335.9983721692797,39956.36093995119,32267.23884484078,46643.0015956493
2018-01-14,2062.449699200605,1747.4305634660263,2402.1298310877855,40815.04636078596,33674.55372207761,47865.62630848983
2018-01-15,1250.1869359805921,912.7553503828947,1563.0876512485424,25451.903508039653,17905.96630204573,32395.420016633292
2018-01-16,1089.4185790253696,769.4189045078085,1412.4298134656635,21929.709507605785,15240.497832850417,29027.18862059021
2018-01-17,1163.5626041734256,849.4720793798062,1500.412782631794,23734.59136156752,17181.40506547057,31200.112804678287
2018-01-18,1243.677062862876,919.9354389300793,1570.7349673819638,25005.152140124475,17954.120532264173,32426.74319765534
2018-01-19,1567.619488197392,1229.248028666709,1887.484713772254,31599.519693899267,24190.733443620164,38272.2209965074
2018-01-20,2014.4037243863982,1677.5048695549713,2352.3602587959604,39831.54022562549,32340.84219373385,47237.530724048134
2018-01-21,2080.565239523049,1750.5541316814997,2403.691944200142,41071.43772898851,33917.39403002952,49066.170356342045
2018-01-22,1284.4480800867138,948.5718827281954,1609.4535739751284,26071.306862596262,18192.16545055484,33080.627446530016
2018-01-23,1138.5983786343916,786.4626994694319,1450.1131821309546,22888.030952265923,16346.979423440645,30087.815096641636
2018-01-24,1226.1699749797078,908.6174675506778,1560.4503744310364,25002.299663365317,18024.647206591722,32604.67509682337
2018-01-25,1318.028109711403,979.9791614700783,1627.37050580773,26548.226077786767,19088.017970166304,33981.212754217515
2018-01-26,1651.854098681018,1328.5866922372647,1979.059522568089,33380.065635598534,26360.196594651024,40497.54490868463
2018-01-27,2106.524317794143,1783.8199877759255,2423.062775745274,41808.600686725964,34736.72788962808,49055.1387378879
2018-01-28,2178.4774837511877,1827.892581606815,2524.6310388734546,43201.83964322259,36266.3362947431,50469.15826307415
2018-01-29,1386.0027701123872,1054.338813108175,1720.1567844183542,28310.532160433606,21345.08219842422,36450.87687564173
2018-01-30,1241.6336603635214,913.7213750373468,1552.9014422939424,25191.0920079599,18168.541253102263,32440.87562055794
2018-01-31,1328.572511029116,993.01548282235,1671.8966146538703,27324.73674646413,20374.173610807968,34453.44416163651
2018-02-01,1417.734772251385,1074.935816028429,1736.1690284933532,28846.67334058274,22076.7485229661,35529.345212135886
2018-02-02,1746.9098765286426,1404.3838911994715,2083.1707438394906,35613.17565753634,28249.004037559735,42242.98093673404
2018-02-03,2195.1181090999708,1879.0248299030688,2505.166785464139,43937.77632832673,37101.55590055733,50837.70471692959
2018-02-04,2258.97454109689,1928.407058985568,2578.913941218849,45191.89472442046,38290.657043044164,52914.724706131885
2018-02-05,1456.9732318614065,1106.5936763691375,1793.2900998421392,30130.269938049452,23414.87530990228,37778.85565181869
2018-02-06,1301.8766853675354,937.8028068908618,1635.858455199883,26813.79231152469,19343.6944619171,33532.529172130715
2018-02-07,1377.1356247213048,1030.65311391317,1733.3890335086078,28728.54464100285,21454.030013017287,36232.96060523146
2018-02-08,1453.9281291438806,1114.5126408424542,1796.4191772337101,30014.884279899677,22543.20356266897,37693.88842266029
2018-02-09,1770.3152450318428,1435.360295463123,2128.9832831910558,36534.41422344893,29144.156818270596,44129.63526534983
2018-02-10,2205.592487622228,1870.4272870253167,2517.143253180649,44606.0677805162,37316.093614119,51800.668986728066
2018-02-11,2256.648417443801,1912.891181468924,2583.365352924751,45606.630667332814,38308.62708875265,52156.39110650811
2018-02-12,1442.2435992743617,1130.1800593927546,1763.984365863629,30296.07140953657,22896.84588222808,36865.526666965496
2018-02-13,1275.3738936954703,938.8811358197656,1632.3575990135794,26739.992760569592,19420.579668709674,33840.464878251514
2018-02-14,1339.7488993856402,1025.774478147454,1655.7631402825773,28429.430549175337,21243.918581431644,35953.40591173746
2018-02-15,1406.7633517517188,1075.9733403321125,1723.5358828055762,29509.005596039715,22119.487238285947,36195.11078664414
2018-02-16,1714.6699900275157,1383.1948467130185,2046.3838385549707,35844.10524556476,28756.29111501205,43275.33255415541
2018-02-17,2142.9277142526616,1813.5139352509598,2459.883382495903,43756.906670452576,36695.430974228795,50644.13650712296
2018-02-18,2188.5574046574325,1852.6395073139163,2512.529883484236,44626.84937488236,37188.098893075505,51857.768947253986
2018-02-19,1370.4187554168668,1062.9224731225252,1710.4632890619487,29215.928416902894,22049.140939799472,36350.86586509898
2018-02-20,1201.5932370728074,894.7246545311828,1526.6177907268807,25591.404156077493,18948.081208138366,32600.209287295747
2018-02-21,1265.7983629190667,947.1295308188444,1580.408769537157,27244.74151567984,19885.712746429213,34701.39708397033
2018-02-22,1334.4223948466445,1019.1734009139286,1683.4759076763091,28320.6114219929,21310.891055503587,35873.870341917616
2018-02-23,1645.67667010351,1332.9495211387941,1972.3907491842274,34683.80350743878,26922.445697065425,41968.84681156274
2018-02-24,2078.945012800876,1761.523645965422,2429.054386896965,42655.275245325014,35493.25602230746,49811.98567633573
2018-02-25,2131.141438733108,1804.0982865724516,2466.0707316839917,43612.66147657484,36317.58695274293,50409.82206851485
2018-02-26,1320.9894623992586,998.4219820163307,1645.0297684700797,28315.61491296929,20908.17498114423,35977.18828594862
2018-02-27,1161.4080670364156,837.2014840005858,1486.0960677967078,24828.572328684317,17466.248632518167,31667.810074343743
2018-02-28,1235.92944994887,920.4056180066207,1575.3883847542309,26639.758197246083,19821.726206204985,34185.82702208548
2018-03-01,1315.7376075327406,984.370279660255,1649.176598947413,27890.257095084417,20768.39466648638,34662.72213572497
2018-03-02,1638.824863457053,1287.3700108522746,1957.262971404158,34441.00253018767,27043.889076599724,41922.26697744207
2018-03-03,2084.3457205897794,1761.653674464981,2445.503632088825,42608.90587807586,36263.8709715745,49525.92048186694
2018-03-04,2148.979158166891,1836.1762250066338,2486.1296974763627,43767.44786616323,36963.51873269729,51146.55740152568
2018-03-05,1351.2125939579958,1035.7348340709214,1671.2799801127653,28672.101666425693,21999.582762477025,35565.91128764825
2018-03-06,1203.6915707473672,879.2073155879174,1515.3308410923,25383.18072230683,18527.211474874104,32960.905190032136
2018-03-07,1289.7647500416967,930.5970572070235,1618.193864394618,27384.92199777309,20868.15441382524,34378.48328338468
2018-03-08,1380.4040735296824,1054.6211348544914,1713.927355606182,28814.633782506724,21407.965374602674,35954.88034710895
2018-03-09,1713.406232640414,1378.8629413195556,2045.0028586833855,35529.75518926856,28465.712266023187,42517.21384197002
2018-03-10,2167.7501921922776,1845.1314847631593,2502.757165267563,43844.04942505606,36727.51268290796,51452.48882717467
2018-03-11,2239.9627332590867,1932.0200949421703,2557.2550830616456,45128.252274973966,38112.28903012928,52908.07038437121
2018-03-12,1448.405175199342,1145.827450872614,1782.424594935848,30135.543914820435,23383.203263980813,37536.975556703735
2018-03-13,1305.6661978163745,1002.5173266914072,1609.7274274769347,26924.43646668572,19718.410954614017,33982.4468760763
2018-03-14,1394.985747710979,1062.2089907819357,1719.9731618476656,28977.886962024266,21576.698271824866,36470.43485407002
2018-03-15,1487.2989790677689,1157.2389586407949,1825.0377155384556,30432.46517865086,23348.90574654427,37752.02710882951
2018-03-16,1820.3972342037794,1489.726426232553,2135.655082119201,37145.422417965194,29572.66629200264,44422.909245941446
2018-03-17,2273.2853642487235,1913.4552545392446,2583.2392573620955,45430.88359970725,38260.67376253581,52748.82811784198
2018-03-18,2342.546450600576,2030.4687988206117,2650.2864330582274,46660.484115821186,39509.83865265899,53850.74587258629
2018-03-19,1546.6271064495713,1202.9890541215811,1866.7630796796702,31588.819821630397,24584.56490281805,38818.97438257789
2018-03-20,1398.2283102902106,1062.1660882260983,1746.954973820313,28276.30301644166,21151.758953928453,35021.550850981446
2018-03-21,1480.72679744285,1157.3123270380386,1801.5660005889088,30208.23468488137,23111.5590410602,37277.70695221044
2018-03-22,1565.2160120135313,1262.3654560856146,1894.7147675677893,31523.92323201618,24395.93491601502,38700.338929496385
2018-03-23,1889.6636860486697,1556.3010459415461,2206.607160743942,38083.69669392715,30734.314023140036,45197.8949973045
2018-03-24,2333.265415719485,2005.4916528333497,2660.0952448180105,46205.03185036677,39409.73815748233,53396.75278696098
2018-03-25,2392.8053713521886,2062.2354001097738,2731.331983690031,47263.122848523664,40316.75200132748,54857.118788679574
2018-03-26,1586.8683585330564,1258.990382267627,1907.4704990838457,32016.256855471056,25287.39609150037,38875.560948504
2018-03-27,1428.4334846548782,1090.1580802071169,1748.4688722699118,28528.60157795217,20977.160673195274,35920.71356262336
2018-03-28,1501.0841091650104,1165.8181614219925,1821.433775601809,30289.195045527504,22656.046986466747,37628.346698740264
2018-03-29,1576.1136020099207,1253.3545866649813,1894.4308136573513,31440.990607998807,24214.60546948581,38564.69065306018
2018-03-30,1891.6788454256364,1564.3726222290632,2217.712904478314,37847.79493668331,30755.3972005427,45042.32314771175
2018-03-31,2327.1499749619097,2000.122913946668,2635.5475836003966,45830.3260158296,38643.48725348897,52862.43097749734
2018-04-01,2379.467574268653,2042.843459258864,2689.726596726182,46766.71512338167,39118.70333549838,54013.238228673785
2018-04-02,1567.4206555734597,1252.0237125677959,1889.048904052872,31417.823768736664,24005.211718068742,38319.91902631795
2018-04-03,1404.0305261137294,1090.2943795596107,1742.55360603851,27849.971015458967,20890.204052975914,35070.5798251014
2018-04-04,1472.96570760829,1161.6586118189493,1817.676536423094,29553.883975842342,22609.720745229988,36997.038049415256
2018-04-05,1545.5770421332707,1213.8817130959465,1863.6171563587898,30673.70411975592,23510.650935068676,37312.567464637425
2018-04-06,1860.050169219163,1527.1712566531253,2217.953762203432,37073.89863495106,29509.31939963316,44149.86517480775
2018-04-07,2295.7548468665364,1974.0253562980047,2640.674145019285,45075.30232533903,37619.403975819114,52220.406645213894
2018-04-08,2349.6023387184214,2018.8040722098226,2666.2614959988928,46055.614476395946,38890.1508718906,52826.163597829865
2018-04-09,1540.3241943530886,1219.7459678680634,1864.7402277146873,30774.721876536045,24186.879182896606,38275.27516322415
2018-04-10,1380.8575052551425,1055.302992414871,1708.6739698236497,27297.44342371705,19519.99386339591,34041.76118449491
2018-04-11,1454.7617735633255,1120.7306952187655,1769.669779282137,29112.50888315451,22421.37114952141,36494.97787455354
2018-04-12,1533.2564850732824,1225.1541541058066,1862.7394184274954,30361.603990812524,22914.047670078948,37387.05651262125
2018-04-13,1854.3765186071157,1524.3612616833868,2192.5625085517277,36906.330474010174,29925.580328885553,44163.25881832694
2018-04-14,2297.324801744317,1968.8794286683415,2622.795984950619,45064.30559521154,37535.66170835612,52168.87672449215
2018-04-15,2358.774774278063,1999.957973248609,2686.061161866238,46209.724561962954,39782.723591982176,53703.3466949976
2018-04-16,1557.328856318338,1219.3006042682462,1883.6246519219117,31098.75577285415,23690.73979207669,38709.79337147268
2018-04-17,1405.732023161909,1082.0982785449355,1718.447127494994,27792.36282667202,20459.68959158037,34655.34313415625
2018-04-18,1487.35143315393,1170.0778920132943,1810.268080724005,29775.36438990736,22333.5096610571,36895.743738360594
2018-04-19,1573.2181624432951,1249.9385548341722,1884.7104240303386,31185.562420065777,23856.60032712467,37842.44322070003
2018-04-20,1901.1866791633738,1576.725716174993,2255.023806381802,37880.785595635505,30695.472224849866,45512.65039006388
2018-04-21,2350.2913799047055,2019.7112750293365,2677.9308843864956,46175.070795802036,38627.15814523465,53712.86127277444
2018-04-22,2417.1112562668936,2077.854675327979,2749.2301471215255,47439.304218368605,40979.50962461962,55258.644942928346
2018-04-23,1620.055862612905,1314.7015539103734,1967.5689523739788,32426.690341024107,25120.370879848728,39772.70040814008
2018-04-24,1471.7575138298812,1133.7897592855618,1795.8669888501381,29195.641090775607,21749.95180241549,36694.866915499566
2018-04-25,1555.494701647008,1206.4301755832118,1876.5380332817451,31228.89470217029,23614.517850959885,37980.38159350932
2018-04-26,1642.2356811508098,1322.1186544029345,1964.7684856135795,32662.693423362696,26031.006881200337,39820.82217985721
2018-04-27,1969.7992312671245,1652.50078347964,2291.209350798393,39353.865716673085,32770.23436332684,46288.374300305295
2018-04-28,2417.211885385124,2087.7693187473787,2727.701177803607,47616.03481529745,40528.91187156346,55340.1764212762
2018-04-29,2481.07268621923,2156.7305256096074,2795.878003594347,48820.27448357868,41987.94083196221,56028.807983604216
2018-04-30,1679.838635692737,1341.4710128447023,2016.677035733183,33720.57970693875,26310.93365245329,40452.62651262062
2018-05-01,1526.215781632481,1187.5046857068755,1861.7706493543456,30376.744474291303,23833.703623773927,37727.1501053396
2018-05-02,1603.580955923909,1266.8689044634507,1921.7176752752475,32273.456219384716,25105.06909858433,39252.726463138286
2018-05-03,1683.0231543503057,1355.537645587597,1993.4736481153484,33549.43645643709,26258.145074599885,41174.04165174056
2018-05-04,2002.5016121164456,1675.9838621639465,2321.3238531848265,40064.4739204671,32943.94191848906,47593.11011370734
2018-05-05,2441.1999319685156,2117.124979136092,2781.1091334387133,48135.57301519367,41045.69407495771,55053.166741416906
2018-05-06,2495.8559098274036,2165.06077752607,2814.660764161416,49137.539620126,42127.507363027595,55957.36125850764
2018-05-07,1685.1377016726885,1350.0588037556295,2018.4218674619524,33828.373416469236,26485.814248746912,40509.30221316155
2018-05-08,1521.936565725648,1186.3004367622095,1830.6971498117618,30272.06055741878,23046.700499784743,37814.21890277512
2018-05-09,1589.8160727991701,1265.7926473193909,1901.331292006971,31957.57806042214,24827.050949265114,39632.36998321599
2018-05-10,1660.0494686424356,1349.0885630113614,1966.3334094462812,33027.9414227838,26380.107384990908,39797.11933696812
2018-05-11,1970.773810405296,1644.7644697305352,2293.6124984362855,39347.143821567835,32033.696263452148,46793.30964268375
2018-05-12,2401.3403210444285,2087.611687984883,2711.2285068633837,47236.211799211495,40003.93126827057,54652.91993580468
2018-05-13,2448.6721684351696,2109.0183061601783,2764.7944920919754,48073.70158094733,40958.33972570949,54629.352008738475
2018-05-14,1631.5429942526712,1314.5342699675143,1963.1900455532207,32621.007237320107,25676.977800404555,40020.31306203745
2018-05-15,1462.9612867120609,1126.0914739658604,1808.513323447572,28945.076451160778,21548.580053348996,35886.224303202835
2018-05-16,1526.585758781397,1201.2238690037334,1865.1542814543375,30537.34708213478,22669.20143353426,37581.71707485008
2018-05-17,1593.7608603232568,1272.003395232545,1922.0741273182268,31542.737636409343,24278.09318458196,39312.70956527413
2018-05-18,1902.6696045860367,1561.8345695246048,2237.92398212909,37826.54138726667,30249.42156751205,44421.537983575174
2018-05-19,2332.6831777137036,1989.6311899420791,2645.620618228113,45710.45016655019,38585.12154808696,52964.5423999056
2018-05-20,2380.7185498510753,2035.1524713868964,2703.2378496388264,46573.03279796688,39526.43643608173,53512.36104927987
2018-05-21,1565.517411461841,1220.2750570293097,1893.957784957472,31175.039893561217,23785.94543449118,38378.75209864997
2018-05-22,1400.0315143443872,1069.3908331133307,1726.0698419922,27582.130948575574,19717.66529854101,34772.90231746328
2018-05-23,1467.8395516591554,1132.0083364334237,1789.0737217126398,29283.836764444844,21923.07471049268,35558.40679476075
2018-05-24,1540.184666105403,1214.9392796478671,1866.4226330573192,30422.589804888572,23087.583265916895,36742.091947385714
2018-05-25,1855.1297163380161,1493.2089756287107,2193.69598950567,36860.67139762589,29651.00816881091,43825.523372495554
2018-05-26,2291.9095770997187,1966.6126043972183,2616.966983606855,44916.3006549506,37982.829713497995,52392.18793772625
2018-05-27,2347.29228913281,2015.2677560530803,2666.8626281430725,45964.18865172878,39083.98148472943,52902.55410687867
2018-05-28,1539.8609760181805,1211.8550618739753,1868.3967734667815,30760.927883721524,23628.065284958306,38028.47436593676
2018-05-29,1382.4028593709131,1048.8643216626028,1700.4487892291597,27367.81103611567,19970.073171563363,34713.1971302094
2018-05-30,1458.329758499717,1136.040608366421,1770.724777317737,29269.8900043377,22179.154046668296,36747.97992541241
2018-05-31,1538.7192134367833,1212.8739706076603,1847.9823781849789,30605.10555956321,23400.48754199261,37960.874438804414
2018-06-01,1861.4732793242813,1505.5557412807868,2162.2073809877497,37231.33428754676,30140.22795634634,44650.92494688473
2018-06-02,2305.6743216560717,1963.3747031788669,2624.2276345703694,45462.57536921355,37904.15504484057,52766.59398425888
2018-06-03,2367.948888480554,2071.2928573733075,2692.649096430783,46669.59846992123,39403.47041945816,54044.29389150167
2018-06-04,1566.7528407364866,1251.353762285113,1935.1025101877872,31605.42058749169,24503.252356086017,38788.4878891334
2018-06-05,1414.7626812479298,1081.817944920058,1722.9999510783146,28328.203848879457,21822.879892507157,35635.73832524705
2018-06-06,1495.298084357926,1168.2090756497032,1847.6623516800714,30320.38335759203,23109.697582200315,37700.88851866934
2018-06-07,1579.3645926913512,1239.6122421709229,1892.6210704681844,31717.853880756556,24287.484795143064,38869.568115251
2018-06-08,1904.8135011028596,1579.206426458936,2217.883743197664,38377.06067828377,30869.097722328206,45623.73710942597
2018-06-09,2350.6982412545885,2008.8013880340652,2698.9956875349576,46611.21602667309,39212.55110830298,53755.82321651186
2018-06-10,2413.638339034839,2064.676382036928,2742.312298615533,47790.96202538496,40444.18198825705,55053.8052203167
2018-06-11,1612.1041340862048,1272.5364978970035,1928.8852579566449,32669.847209241267,25702.02395061061,39623.64587834844
2018-06-12,1458.807221683263,1099.9944189029636,1786.9059165074864,29307.20899118957,21945.549247125946,36958.83545880097
2018-06-13,1537.1216496775987,1211.5138437022185,1858.5957708393719,31187.271433795646,23789.440911844493,38077.3586127606
2018-06-14,1618.1248777539947,1295.7055427238233,1937.755626460738,32448.287885734553,25130.06221997781,39687.75803000237
2018-06-15,1939.755568665083,1592.6571846994627,2264.1389513992526,38949.57486597872,31696.31061070546,46737.14607642615
2018-06-16,2381.1675820550226,2034.8897041449818,2703.906784502057,47007.66013639885,39928.98025340621,54519.02514855368
2018-06-17,2439.091306148827,2084.411979047677,2772.151590013495,47996.86721035956,40939.49292588164,55199.992504640286
2018-06-18,1632.115583981204,1294.99909026719,1967.3756990932668,32674.70571306638,25177.221698853195,39324.66015175379
2018-06-19,1473.075264320562,1153.9958492705618,1811.2727814823706,29104.661694525934,21514.57410076115,35946.631016225525
2018-06-20,1545.4694807265837,1205.0538351065088,1868.8483622870863,30775.199604664856,23447.051523371905,37750.53115100745
2018-06-21,1620.49973561893,1302.366875124991,1956.6728988504333,31828.807755399303,24793.615784467424,39356.88643225462
2018-06-22,1936.224926007404,1616.9589444832754,2262.8259596937105,38128.93596498086,30749.986388246245,45149.36156560153
2018-06-23,2371.912744067431,2060.15279232553,2695.5047602293484,45996.050602031166,38894.830724247404,53527.91744092097
2018-06-24,2424.398644625632,2092.0571225756166,2728.9561316749077,46808.13146355837,39863.77684902787,54276.65943389278
2018-06-25,1612.3656858692786,1282.2959806361682,1923.3248023000613,31325.98194454629,24027.588296389178,38350.2337510891
2018-06-26,1448.7303149237653,1113.7557948919537,1773.2422912725954,27615.948448688076,20477.888958122203,35026.55674157017
2018-06-27,1517.0592340596788,1198.269122126699,1846.1631586218464,29168.862357619037,21857.778812835466,36407.60430654386
2018-06-28,1588.6064472176024,1239.8363600316054,1911.4792213554033,30129.037716507064,22901.48417090689,37044.33472591532
2018-06-29,1901.4676361936347,1564.53937363662,2225.487218969908,36361.17435318948,28886.5803807796,43029.46321070717
2018-06-30,2334.9313023725344,2014.992704828402,2679.090434022404,44186.392339198705,37500.980720065214,51865.44856548938
2018-07-01,2385.837858910577,2061.850254328019,2722.980999692313,44982.72257056839,37041.98779119089,52391.371233003505
2018-07-02,1572.8599631172353,1267.5501711125246,1895.987595750163,29510.424916556636,22099.06830824262,36272.74085529823
2018-07-03,1408.8891354256618,1096.4267706210226,1721.823457622749,25834.729526631312,18423.460836093833,32994.82514816038
2018-07-04,1477.4537676723971,1162.989348426279,1794.637510173792,27444.813915825456,20200.95446838702,34970.85724728795
2018-07-05,1549.75758066247,1242.2457219408986,1883.629979483594,28482.847972037885,21392.172211225337,36078.73809316607
2018-07-06,1863.83563520429,1517.6471827657858,2198.7548424011793,34810.95529892627,27567.40731905343,42199.53612858656
2018-07-07,2298.907283299369,1991.078495235692,2628.0237276083512,42747.315246378785,35236.29017542059,50001.858668204215
2018-07-08,2351.7371925740235,2008.560446873357,2685.324846374679,43666.728638919856,36221.867621697835,50613.42038068991
2018-07-09,1540.9176807442013,1223.3503500764004,1863.8835197478786,28326.016718198687,21090.73792933638,35090.83124842472
2018-07-10,1379.2573538751376,1040.1435746882473,1687.9858280305405,24786.846844448977,18104.90878115297,32410.758811075608
2018-07-11,1450.2011003051366,1119.7179889761615,1803.7543496556614,26534.795471695375,19730.76153223953,33322.9973451595
2018-07-12,1524.870452415724,1200.704137292187,1855.8225774934288,27708.47842847109,20706.87825290266,34819.236358231035
2018-07-13,1841.221376948659,1515.9539026238228,2164.2246442285395,34166.59485408433,26801.5588201923,41114.098642914425
2018-07-14,2278.398842410821,1950.671147394838,2594.844526055256,42224.10717860724,34889.45634674751,49057.77492427947
2018-07-15,2333.099264702136,1990.6001927387513,2651.8404161521626,43252.87834156115,36346.02617149225,50478.92555645169
2018-07-16,1523.854042690925,1168.4052080685894,1840.470565074052,28007.13414334782,20797.35014360966,36034.38391658103
2018-07-17,1363.4191597296606,1023.443412341679,1700.5138501185397,24546.342883831,17496.559455947823,31758.274606091716
2018-07-18,1435.1958927350588,1114.1219822634685,1759.8075507763574,26354.321676238877,19169.808642403055,33510.131553045176
2018-07-19,1510.2716382680412,1197.2481728304822,1828.2756277137498,27568.398630157655,20225.36953414739,34405.93961891294
2018-07-20,1826.5779208412328,1484.5315484191374,2149.482755203457,34046.476721332954,26582.59424919146,41054.63269321409
2018-07-21,2263.2449433239917,1950.4811166829295,2605.9317776623698,42103.22151795756,34812.31541675534,49774.648671745774
2018-07-22,2316.963798087865,1983.0128486178512,2652.670333271827,43110.694054175474,36351.07704726071,50172.03902980434
2018-07-23,1506.2695734211648,1174.073893528726,1833.1251078670775,27823.797145403907,20662.590110065226,35206.29795859575
2018-07-24,1343.9303585078735,1026.5643314160618,1685.3362236609312,24303.127991553327,17389.13017305796,31321.23978598974
2018-07-25,1413.3672190815907,1082.774351139389,1743.5754343204649,26034.047411015526,18801.439121960175,32921.758515991605
2018-07-26,1485.6941859772191,1142.917486611918,1782.2652264042856,27155.796090698466,20353.65842117288,34586.20519021163
2018-07-27,1798.875355524153,1475.0027366524118,2104.6610874399944,33528.50505822605,26568.180137870688,41186.91264869213
2018-07-28,2232.078495244811,1892.070998812927,2576.253400499455,41469.324092333794,34334.49165838552,48979.06563934246
2018-07-29,2282.0363057501604,1958.6803921731128,2597.562214947714,42352.991020071524,35257.86973786803,49033.238963384836
2018-07-30,1467.3286032956757,1162.8745970632692,1806.1752626128543,26937.21191950236,19832.366619627806,34380.77633041927
2018-07-31,1300.7704528406355,987.9438147232603,1619.569417485197,23285.446814087038,16446.258144393938,30204.163077409485
2018-08-01,1365.8313462047065,1028.5560337986467,1686.8479109661098,24885.912912676326,18176.043111684077,32490.630632625158
2018-08-02,1433.674485204036,1096.6878308089345,1759.4880559679925,25880.637414718938,19008.535329052957,32686.912388713223
2018-08-03,1742.3132811325017,1427.9401528745937,2068.664271376322,32132.408602495198,24831.368105874284,39090.61587632819
2018-08-04,2170.9644709357635,1845.9292981569222,2510.6445949510116,39960.85029444929,33059.992248324765,48162.4344964724
2018-08-05,2216.409002283976,1865.8437872942284,2537.1135174881697,40742.94377587421,33114.656946398936,47659.86769431686
2018-08-06,1397.273947843134,1072.563376196684,1699.385850984092,25238.368174723157,18489.852714934488,32336.063131316696
2018-08-07,1226.4204692869125,894.3383135825118,1566.4331154897036,21512.254578909113,14069.456629003807,29074.269774854718
2018-08-08,1287.3629117919754,946.838340583213,1615.1108091629264,23054.166408138302,15812.26657109381,30675.52711901095
2018-08-09,1351.3080710399063,997.272874246047,1690.0528978306704,24007.1382595578,17121.951057007413,30678.589385348034
2018-08-10,1656.3117232348927,1333.5980033341202,1987.0242628011333,30234.62189435276,22361.51082622643,37555.89327920863
2018-08-11,2081.6317954291208,1776.3873446010089,2392.724497678163,38056.56413681265,30847.335828548534,44825.651396728135
2018-08-12,2124.08930421864,1779.713662357451,2454.7412351118664,38849.94026948685,31987.58559067026,45838.3357380477
2018-08-13,1302.3502989171348,985.4696553625452,1656.2906438315413,23374.113151383353,16242.098632701849,30069.109319486517
2018-08-14,1129.3138066509741,797.0452094238659,1464.818344487765,19693.6124361037,12480.712688823825,27097.20079222197
2018-08-15,1188.5308390620278,870.9230626329634,1518.0956832141228,21297.145335768662,14431.003803169424,28490.053247170883
2018-08-16,1251.2434847872355,906.432283316109,1580.824027282529,22326.669974962977,15598.659972239846,29595.844556337644
2018-08-17,1555.5411643059256,1233.4324410213549,1898.9939462771806,28644.37875537521,22431.531952320966,36024.25492990281
2018-08-18,1980.7134153511395,1652.4024872457517,2320.452951545081,36568.8152275492,29768.3863252908,44174.79846960075
2018-08-19,2023.6103331905201,1660.584619278782,2311.0010302098085,37475.44678885421,30671.28106047677,44560.13907347666
2018-08-20,1202.9239039865151,858.6988848781858,1508.3111777513573,22122.062222089287,15188.783018313376,29486.396304106624
2018-08-21,1031.5752367205962,701.7652641417162,1370.1900316096298,18571.587325685483,11345.699048350903,25746.16797586836
2018-08-22,1093.1327674958152,782.4375552990077,1436.5982443151609,20311.129078422106,13187.15465574879,27380.201411504935
2018-08-23,1158.8504802793332,837.7595820754723,1459.0358729709358,21481.078530239367,14038.596737012751,29073.913435265655
2018-08-24,1466.8232459326302,1113.7647791931865,1803.999566215994,27942.119161882933,20496.4595225668,34761.879062515574
2018-08-25,1896.3386777144656,1551.5885670147213,2211.2184626755275,36011.36372468709,28325.92386760834,43245.610954096985
2018-08-26,1944.236661434947,1612.2062746547033,2257.552206991535,37062.941598212,29832.12615737349,44278.40073419443
2018-08-27,1129.1898351850614,814.9029245582118,1449.873897190542,21853.40560659684,14779.768260429419,28287.253084917258
2018-08-28,964.0900625879251,638.9943584663093,1298.9678285807101,18444.551676976007,11401.118688676326,25435.762831085543
2018-08-29,1032.4660122845503,713.4302970517283,1371.5792225894436,20322.46211140517,13336.433562974602,27626.546039072207
2018-08-30,1105.5209257460585,791.9898476946408,1445.4034527952622,21626.60317309968,14482.459222572315,28605.459667330473
2018-08-31,1421.2877110138234,1063.3938284112337,1758.3008373848365,28216.824397127322,20937.319553047295,35195.13556005404
2018-09-01,1858.9807927378154,1534.2175654216248,2197.1621666487254,36409.48343687594,29205.87791407412,43262.896802284384
2018-09-02,1915.3559039329464,1617.8727885348596,2250.245692280631,37578.01938391958,30009.149735619245,44764.94806416718
2018-09-03,1108.9911155392006,768.8825384889419,1434.9194820580747,22478.34446867359,15172.829863211628,30292.36403289524
2018-09-04,952.6741616835341,632.1177497201568,1292.8571655227804,19171.648520569244,12398.099223847734,26309.10407464301
2018-09-05,1029.8211792937714,709.8807114889479,1366.3941359902813,21143.42794722158,14105.905579758368,27943.447834885836
2018-09-06,1111.5159412372677,778.8090979987977,1451.456977667012,22532.570873605957,15360.795881225054,29446.038456889746
2018-09-07,1435.6667086291254,1097.3535109360707,1778.4844762579507,29198.3467128838,21829.523780425458,36160.69290206012
2018-09-08,1881.360111204419,1554.10609882128,2210.1625548108645,37456.524723766415,30370.162259083892,45013.671425289365
2018-09-09,1945.2232104858836,1628.9990811808038,2264.171031657121,38679.94509245486,32026.961995264584,46366.21818951853
2018-09-10,1145.707002235496,801.305150816201,1458.762798935017,23623.91287742711,16159.31027058016,30540.00495638774
2018-09-11,995.476368181225,656.7900794141381,1327.1083312053129,20349.009437169763,12942.39576207309,27191.342408678753
2018-09-12,1077.8315404562252,748.6771042790355,1393.3958762975692,22340.133140471633,15154.01825047458,29885.22494983449
2018-09-13,1163.7500965424074,844.5301476163463,1489.4319502785045,23735.600832571094,16495.64514056816,30487.893085905966
2018-09-14,1491.0465441817348,1166.3364258563736,1815.8681721711946,30394.15795313085,23081.75308364133,37515.118722052284
2018-09-15,1938.7288358349706,1595.1497782391596,2263.8079742532072,38631.12128675447,31497.51217910374,45798.75946149198
2018-09-16,2003.3628966637675,1689.5728622629772,2331.8278900022506,39818.977125028825,33051.540394251184,47128.430137370415
2018-09-17,1203.3583522095903,882.1485804760948,1527.3793476787998,24712.804256273943,17713.78772687728,31853.332275099234
2018-09-18,1051.3603978279177,715.3227004433923,1384.1883675621111,21373.11534555848,13759.857367064717,28755.35659397606
2018-09-19,1130.6728096740294,808.357801950792,1473.4624750908574,23284.92734403663,15536.153878420406,30664.50281392525
2018-09-20,1212.3010575996063,895.458550388089,1546.537867208774,24586.89117428501,17448.330763699527,31069.59470586293
2018-09-21,1534.1125299603211,1202.3788203887161,1857.5160689413485,31138.327334713886,24445.854910825405,38492.7898717884
2018-09-22,1975.1931701184578,1663.754679862614,2296.0931825239454,39255.39016742489,32318.244008932546,46903.65774717055
2018-09-23,2032.2115798895934,1709.9834615007785,2390.840437763022,40311.68239062674,33232.50282819517,47982.9001146943
2018-09-24,1223.7037596706207,879.0997110784864,1538.1096543219649,25063.688234829184,17462.167620633016,31807.26338714467
2018-09-25,1062.4634240600037,726.7950112935608,1380.287410269772,21573.617809182208,14454.39720688821,28865.982049054797
2018-09-26,1131.9629033820197,802.4920891970891,1469.6762206592357,23328.47257967437,15993.094668678877,30257.80651746252
2018-09-27,1203.3936160632516,871.4141392458658,1510.7859099916604,24469.161657217577,17353.15955066007,31142.69801801013
2018-09-28,1514.823160515942,1191.7906364501307,1834.461089893982,30857.515229090222,23783.766274699658,37741.89385150731
2018-09-29,1945.548378358247,1631.5649196264865,2291.229433589872,38812.41782410465,31404.522876317358,45706.93183146873
2018-09-30,1992.4555090325118,1672.7438743169193,2322.5713744501572,39710.383231105756,32143.89163696459,46960.02188657211
2018-10-01,1174.300681733736,832.8368165290955,1486.0708968330598,24310.939902169353,17355.53506358339,31429.55330916183
2018-10-02,1004.0957697183865,691.8558154521794,1362.3933772369473,20679.420234099343,13711.105936218699,28097.577629043528
2018-10-03,1065.5247116873081,744.1852743812613,1388.1483919039972,22305.964636214725,15336.910450373125,30453.23965190548
2018-10-04,1129.9793856622068,811.3362663628033,1453.3984152441326,23334.571353019423,16096.959968304327,30211.630476230264
2018-10-05,1435.7121881682356,1112.90293322575,1759.4760173919183,29630.039858488155,22312.905155066153,37090.67306427555
2018-10-06,1862.1847761345716,1519.4043211122196,2196.3594480469037,37514.032177404035,30306.202762371482,44629.83710646998
2018-10-07,1906.424195884984,1598.6690406858872,2235.9381188695606,38365.575756476224,31014.460201333088,45859.24095968506
2018-10-08,1087.2997457282804,759.0666970258604,1425.043522414418,22946.37861418962,15670.112464082393,30018.42825463788
2018-10-09,917.9056914296817,624.2811135471107,1247.3193564840215,19323.552102417434,11927.969389776197,26899.774258255093
2018-10-10,981.9750246923561,661.6681106933244,1314.5259057180474,20988.554117366857,13934.406182442091,27843.11214137417
2018-10-11,1050.913424452051,704.6302048830944,1367.085324999781,22086.185593910326,15051.642070124266,29496.308448376032
2018-10-12,1362.9506349609546,1019.9741817066388,1695.5011858008595,28481.489845738528,21561.998428353272,35791.60638513388
2018-10-13,1797.4887643265117,1496.8821752964081,2118.651005900068,36495.78068200783,28948.911980735596,43571.21481866751
2018-10-14,1851.4587576443546,1532.4000793747916,2149.942546362697,37507.1242769019,29769.68135995565,44140.355943921844
2018-10-15,1043.5984035120262,727.175447930865,1356.6636529158943,22275.64661032596,14940.93486369458,28928.652413608732
2018-10-16,886.8369871963718,581.6813747231107,1202.1895947932023,18866.26259733485,11614.255500519204,25635.215343823344
2018-10-17,964.7117561504886,642.3264200513789,1299.1241589111232,20767.64019456629,13212.947464214862,27892.87001030505
2018-10-18,1048.4053148389962,696.5241846848108,1369.0206225055676,22121.23240866888,15205.406881021781,29954.714860723292
2018-10-19,1375.9011024095698,1048.2579785102669,1700.4760008782293,28788.22648973866,21960.126690723693,36220.1865087285
2018-10-20,1826.3363797418908,1500.4235908470794,2146.3576360656725,37085.6355833307,29817.040173161593,44399.774591947345
2018-10-21,1896.363887812335,1582.909007084739,2206.0334090865795,38386.85679091568,30900.382567353525,45817.8603122658
2018-10-22,1104.4354306480377,779.2396419152533,1447.527767582142,23447.066074591385,16305.199601290515,30483.64125592964
2018-10-23,963.1923796897657,623.7478504151344,1292.2003870863348,20326.044413327152,12775.614305649136,27967.706002478302
2018-10-24,1055.8881402312172,744.6408343145445,1382.6852659968447,22507.246492969145,14791.740713956066,29306.365261945342
2018-10-25,1153.4315662620215,816.1481730374463,1484.4309752696156,24126.942600026236,17108.967639133443,31187.198087603232
2018-10-26,1493.5483437769049,1176.587788961927,1827.0281093061049,31041.28054601678,23604.660396383115,38111.52569818367
2018-10-27,1955.1396360084168,1638.6536726970312,2272.0647542771308,39562.490299195735,31947.84228130857,46669.37664698029
2018-10-28,2034.6490227937866,1687.3653539504448,2353.3750082631686,41059.55259577532,33698.448091504084,48368.65586559416
2018-10-29,1250.350864187599,915.7075602960243,1597.1741089902698,26283.699276362357,18891.681870990473,33428.168576096454
2018-10-30,1114.7449713562587,790.8940355725647,1433.9030732534366,23291.337117579194,16693.65106776386,30962.124534977076
2018-10-31,1210.9825238905369,863.6246334949565,1529.0690464366521,25563.203925878595,18458.131471075445,32498.961788842535
2018-11-01,1309.9121330422226,995.8273785167494,1643.5662170498783,27233.585235460436,19954.161990156732,35005.508018127985
2018-11-02,1649.2430010636795,1335.9837584971012,1980.5699212027755,34157.436358688865,27359.37229300208,41400.87274305178
2018-11-03,2107.904418938635,1779.3008681642104,2450.106994268009,42646.63069347238,34736.770465518595,49785.31112636837
2018-11-04,2182.412603771587,1858.4523006625448,2528.945397812495,44070.65414568595,37052.69809123665,50900.05497502189
2018-11-05,1391.1579960096506,1087.5230668961217,1704.3054888196548,29182.11239568492,22359.17081700553,36513.695172920474
2018-11-06,1246.7979112546436,922.7369269724499,1585.9776610145339,26039.642195955137,19058.192826638722,33493.26322195221
2018-11-07,1332.6795189719337,986.4663687056466,1637.736603481405,28127.035336928988,21062.421101126238,35317.37912054729
2018-11-08,1419.882101815664,1080.905020963852,1758.5905046503854,29582.40395986558,22635.785099287565,36535.53726046152
2018-11-09,1746.3756198720162,1403.410562358641,2059.9604956644016,36265.23276701299,28746.783116257764,43633.9988542087
2018-11-10,2191.374914720682,1863.5809929327834,2523.9172529101133,44492.54029023806,37373.7353744774,51792.52411271936
2018-11-11,2251.700663655354,1927.7629475556294,2606.2832329637777,45639.47076300071,38615.268362921866,53080.36150468741
2018-11-12,1446.0603274991804,1124.240669880734,1781.930682316621,30464.68540871402,23884.521431854664,37835.65152242477
2018-11-13,1287.4341214933054,964.7534470682871,1619.6277252077118,27033.146768389648,20320.545956195365,34082.964362148756
2018-11-14,1359.4911247960015,1021.2442974471649,1673.6026046535496,28835.107439033876,21223.14401155026,36412.041986097734
2018-11-15,1433.6246308500713,1140.7285518340361,1765.8815196311548,30015.134872285224,22757.184085384866,37039.8213934003
2018-11-16,1748.1039134788005,1422.02102424057,2079.1440686584638,36439.02092297311,29406.478077011867,43624.809515761495
2018-11-17,2182.421892765846,1860.957045375316,2493.5922674689855,44429.80154284957,37272.60882612638,51654.12843535135
2018-11-18,2233.649955456523,1902.7961795826445,2532.833473694138,45368.21141722275,38013.566069737346,53079.649357180024
2018-11-19,1420.7133096887942,1095.3830624473744,1736.1564821307243,30017.945551620152,22487.859783138432,37124.470217825685
2018-11-20,1256.772028771292,925.4949672766287,1589.4136211111386,26448.3244899358,19035.638135925168,33511.034355002244
2018-11-21,1325.6330107739398,995.3704575585226,1656.5572512803446,28153.177383715098,20567.90415635735,35589.17844601524
2018-11-22,1398.782050890492,1050.6482573850021,1714.908985926724,29279.777130999526,21825.956212528763,36006.68136338523
2018-11-23,1714.5332774069873,1366.6074457662614,2039.8748338457324,35695.67849983854,28963.693291994627,42907.56307434828
2018-11-24,2152.3754908126557,1812.9479167904974,2475.294077519799,43724.68645793019,36292.904773641116,50625.13531572076
2018-11-25,2209.326694528942,1885.1400019964128,2538.3504324800056,44747.280887332636,38134.59407936565,52305.64981129606
2018-11-26,1404.2102081956796,1077.492116660289,1719.9039272293492,29525.870590531194,22318.815305397828,36754.25971580093
2018-11-27,1250.037506505118,892.7420155017138,1559.4859471483949,26127.47366227502,18970.36384620206,33180.72334241497
2018-11-28,1330.4229759832633,1011.959664082465,1640.7844915828025,28042.638321051367,21318.252068354403,35318.42848098728
2018-11-29,1416.6197304051677,1082.0742940851298,1731.745407657568,29414.43777361442,22119.73455504717,36881.867575111624
2018-11-30,1746.6736586941736,1434.1983989163884,2070.6048618269656,36105.38887487828,28783.81676400859,42978.46228315969
2018-12-01,2199.775148924054,1879.9633085189341,2521.6863225135867,44433.52017008738,37538.407477221255,51364.08738598677
2018-12-02,2272.619664037194,1958.5473261562026,2588.607365659302,45772.91341516944,38650.4173656237,52992.48068741111
2018-12-03,1483.6904330619532,1148.7749410379943,1800.1529439675278,30879.088999758525,23499.4357721064,37522.97138435863
2018-12-04,1345.6482619894905,1035.2415268392738,1672.18895361484,27811.829519318584,20393.878329687188,35285.721947338934
2018-12-05,1441.753509479235,1113.8522984751476,1771.4871651021633,30054.252484662255,22970.968142976177,37620.311120609455
2018-12-06,1542.9092154461182,1225.3013258345177,1884.62447086597,31741.96242558305,24252.31150444187,38722.69021012508
2018-12-07,1886.8224019510853,1567.596716698999,2211.4081850336015,38730.12870440587,31849.888146828944,45796.897299271586
2018-12-08,2352.362836919528,2039.1581902881485,2705.223487073732,47329.71112441542,40075.312672043336,54742.071940654074
2018-12-09,2435.9302880726236,2111.57684628758,2747.601335384567,48908.15395624492,42185.264022247306,55906.40811815545
2018-12-10,1655.74339054155,1318.9640887319658,1963.7822742609524,34214.91543970641,26474.482932972638,41517.37450246505
2018-12-11,1524.2350030994658,1203.8849034746543,1883.1870826028608,31304.423826561087,24350.730929039502,38464.808964292046
2018-12-12,1624.478982613262,1280.3769026049679,1949.922124308035,33655.268026792735,26376.462218967532,40727.76306699551
2018-12-13,1727.2372655159852,1399.5333802598102,2067.5195713850717,35399.450515476055,28053.602224948077,41944.057920456195
2018-12-14,2070.124194628859,1743.5075703903976,2393.5744461170507,42389.54659695836,35423.84961400144,49803.47246043614
2018-12-15,2531.967320766563,2201.3128922387846,2838.9730474477938,50934.99032626737,43463.15174781276,58300.922975839894
2018-12-16,2609.1756664622835,2277.5538169123256,2919.898912842712,52402.806396126296,45442.804213831674,59394.08092513494
2018-12-17,1820.028557176368,1470.6401425339395,2133.568781386085,37543.154234200105,30446.09177009822,45094.784503313764
2018-12-18,1677.069898814596,1349.122710344111,2009.8591305644968,34412.27507792379,27529.385695022924,41876.096945209705
2018-12-19,1763.5328570229156,1427.2042426520823,2090.0804703137383,36491.650314704115,29011.002736820763,43627.17663450877
2018-12-20,1850.3838739806426,1519.3822775206306,2169.844988247418,37917.199481338546,30861.626275982915,44870.77045457935
2018-12-21,2175.48302802319,1857.1522501250988,2500.3294209999717,44546.3632521349,36812.12482446999,51334.29146889547
2018-12-22,2617.940050901448,2264.624773413391,2964.7541515087682,52694.29341106507,45736.684071399446,59824.67750330966
2018-12-23,2674.477091841032,2354.361068270997,3006.444636960609,53734.4712344225,46066.97311434899,60472.0852014268
2018-12-24,1863.7114497628427,1528.8745706974985,2186.0949404745566,38424.123019044106,31534.33716444906,45515.35895762999
2018-12-25,1698.5432800150054,1373.6512059985073,2027.168877693976,34827.026326653024,27487.790527130986,42170.17790743031
2018-12-26,1762.573367448094,1435.6752723160555,2088.5094133114935,36432.51828477488,29109.6095607868,43507.36750662078
2018-12-27,1827.140043644883,1495.8829048679422,2148.4554444186992,37384.53756712253,30768.69056210822,44927.59376165707
2018-12-28,2130.472398586172,1803.8210616149036,2460.125475137239,43548.54871799078,36492.363610445434,51182.89050191624
2018-12-29,2552.0392461284914,2236.4267716589457,2866.1434531231644,51247.574178727635,44037.866716928285,58825.460783664195
